<?xml version="1.0" encoding="UTF-8"?>
<!DOCTYPE Students_Info SYSTEM "task-2.dtd">
<Students_Info>
<student>
<name>Sumanth</name>
<id>123</id>
<avg>98</avg>
<dob>17-08-2001</dob>
<time>12:30</time>        
<mobile>9848405481</mobile>            
<distinction>YES</distinction> 
</student>
<student> 	
<name>Vamsi</name>
<id>124</id>
<avg>95</avg>
<dob>04-11-2001</dob>
<time>13:30</time>        
<mobile>9008405481</mobile>             
<distinction>YES</distinction>
</student>
<student>
<name>Kiran</name>
<id>125</id>
<avg>98</avg>
<dob>04-04-2004</dob>
<time>14:30</time>        
<mobile>9848400258</mobile>             
<distinction>YES</distinction>
</student>
<student>
<name>Ravi</name>
<id>126</id>
<avg>98</avg>
<dob>02-02-2002</dob>
<time>15:30</time>        
<mobile>9528414729</mobile>         
<distinction>YES</distinction>
</student>
<student>
<name>Srinivas</name>
<id>1274</id>
<avg>98</avg>
<dob>01-01-2001</dob>
<time>11:30</time>        
<mobile>7528646642</mobile>             
<distinction>YES</distinction>
</student>
</Students_Info>