<?xml version="1.0" encoding="UTF-8"?>
<!DOCTYPE Class SYSTEM "task-1.dtd">
<Class>
<student>
<name>Sumanth</name>
<id>190030637</id>
<branch>CSE</branch>
<cgpa>9.8</cgpa>
</student>
<student>
<name>Vamsi</name>
<id>190030396</id>
<branch>CSE</branch>
<cgpa>9.2</cgpa>
</student>
<student>
<name>Kiran</name>
<id>190030936</id>
<branch>EEE</branch>
<cgpa>9.0</cgpa>
</student>
<student>
<name>Ravi</name>
<id>190030343</id>
<branch>IT</branch>
<cgpa>8.4</cgpa>
</student>
<student>
<name>Srinivas</name>
<id>190030321</id>
<branch>ECE</branch>
<cgpa>8.4</cgpa>
</student>
</Class>